trades,wins,losses,win_rate,tp_hits,sl_hits,long_trades,short_trades,avg_R,median_R,avg_win_R,avg_loss_R,expectancy_R,profit_factor,net_profit,return_pct,max_drawdown_abs,max_drawdown_pct,avg_drawdown_abs,equity_final,sharpe_R,avg_hold_bars,median_hold_bars,R_std,R_skew,R_kurtosis,R_95pct,R_05pct,CAGR,MAR,profit_per_trade,risk_of_ruin,ny_session_win_rate,zone_OB_trades,zone_OB_win_rate,bias_aligned_win_rate,displacement_atr_mult,sweep_lookback,cosd_prior_break_bars,rr_tp_alt,max_pullback_candles,variant_id,signals,trades_pct_of_signals
2,2,0,1.0,2,0,1,1,1.048917162207084,1.048917162207084,1.048917162207084,0.0,1.048917162207084,,138.8356859468816,27.767137189376314,0.0,0.0,0.0,638.8356859468815,4.880591343287853,1.0,1.0,0.3039371199637988,0.0,0.0,1.2423415609297244,0.855492763484444,5216748539.756431,,69.4178429734408,,,2,1.0,,1.0,30,2,2.5,7,22,2,1.0
2,2,0,1.0,2,0,1,1,1.048917162207084,1.048917162207084,1.048917162207084,0.0,1.048917162207084,,138.8356859468816,27.767137189376314,0.0,0.0,0.0,638.8356859468815,4.880591343287853,1.0,1.0,0.3039371199637988,0.0,0.0,1.2423415609297244,0.855492763484444,5216748539.756431,,69.4178429734408,,,2,1.0,,1.0,30,2,2.0,5,43,2,1.0
2,2,0,1.0,2,0,1,1,1.048917162207084,1.048917162207084,1.048917162207084,0.0,1.048917162207084,,138.8356859468816,27.767137189376314,0.0,0.0,0.0,638.8356859468815,4.880591343287853,1.0,1.0,0.3039371199637988,0.0,0.0,1.2423415609297244,0.855492763484444,5216748539.756431,,69.4178429734408,,,2,1.0,,1.0,30,2,2.5,5,53,2,1.0
2,2,0,1.0,2,0,1,1,1.048917162207084,1.048917162207084,1.048917162207084,0.0,1.048917162207084,,138.8356859468816,27.767137189376314,0.0,0.0,0.0,638.8356859468815,4.880591343287853,1.0,1.0,0.3039371199637988,0.0,0.0,1.2423415609297244,0.855492763484444,5216748539.756431,,69.4178429734408,,,2,1.0,,1.0,30,2,1.5,3,67,2,1.0
2,2,0,1.0,2,0,1,1,1.048917162207084,1.048917162207084,1.048917162207084,0.0,1.048917162207084,,138.8356859468816,27.767137189376314,0.0,0.0,0.0,638.8356859468815,4.880591343287853,1.0,1.0,0.3039371199637988,0.0,0.0,1.2423415609297244,0.855492763484444,5216748539.756431,,69.4178429734408,,,2,1.0,,1.0,30,2,1.5,5,88,2,1.0
2,2,0,1.0,2,0,1,1,1.048917162207084,1.048917162207084,1.048917162207084,0.0,1.048917162207084,,138.8356859468816,27.767137189376314,0.0,0.0,0.0,638.8356859468815,4.880591343287853,1.0,1.0,0.3039371199637988,0.0,0.0,1.2423415609297244,0.855492763484444,5216748539.756431,,69.4178429734408,,,2,1.0,,1.0,30,2,2.0,3,98,2,1.0
2,2,0,1.0,2,0,1,1,1.048917162207084,1.048917162207084,1.048917162207084,0.0,1.048917162207084,,138.8356859468816,27.767137189376314,0.0,0.0,0.0,638.8356859468815,4.880591343287853,1.0,1.0,0.3039371199637988,0.0,0.0,1.2423415609297244,0.855492763484444,5216748539.756431,,69.4178429734408,,,2,1.0,,1.0,30,2,2.5,3,107,2,1.0
3,3,0,1.0,3,0,1,2,0.9772784960135138,0.8340011636263729,0.9772784960135138,0.0,0.9772784960135138,,189.6968548445808,37.93937096891613,0.0,0.0,0.0,689.6968548445807,6.82088701493178,1.0,1.0,0.2481636192674618,1.7320508075688754,0.0,1.2208499610716532,0.8340011636263729,5692231095928.314,,63.2322849481936,,,3,1.0,,1.0,15,2,2.5,3,111,3,1.0
3,3,0,1.0,3,0,1,2,0.9772784960135138,0.8340011636263729,0.9772784960135138,0.0,0.9772784960135138,,189.6968548445808,37.93937096891613,0.0,0.0,0.0,689.6968548445807,6.82088701493178,1.0,1.0,0.2481636192674618,1.7320508075688754,0.0,1.2208499610716532,0.8340011636263729,5692231095928.314,,63.2322849481936,,,3,1.0,,1.0,15,2,1.5,3,120,3,1.0
4,3,1,0.75,3,1,1,3,0.4829588720101353,0.8340011636263729,0.9772784960135138,1.0,0.4829588720101353,3.3913566483532156,133.76146540782122,26.752293081564215,-55.93538943675958,-8.825937279219957,-13.983847359189895,633.7614654078211,0.9571218442754623,1.0,1.0,1.009189947755781,-1.7503686546733292,3.3343245756550353,1.1993583612135819,-0.724899825456044,2518568473.041437,28535988794.881058,33.440366351955305,0.12518812875275853,,4,0.75,,1.0,15,2,2.5,5,3,4,1.0
4,3,1,0.75,3,1,1,3,0.4829588720101353,0.8340011636263729,0.9772784960135138,1.0,0.4829588720101353,3.3913566483532156,133.76146540782122,26.752293081564215,-55.93538943675958,-8.825937279219957,-13.983847359189895,633.7614654078211,0.9571218442754623,1.0,1.0,1.009189947755781,-1.7503686546733292,3.3343245756550353,1.1993583612135819,-0.724899825456044,2518568473.041437,28535988794.881058,33.440366351955305,0.12518812875275853,,4,0.75,,1.0,15,2,2.5,7,25,4,1.0
4,3,1,0.75,3,1,1,3,0.4829588720101353,0.8340011636263729,0.9772784960135138,1.0,0.4829588720101353,3.3913566483532156,133.76146540782122,26.752293081564215,-55.93538943675958,-8.825937279219957,-13.983847359189895,633.7614654078211,0.9571218442754623,1.0,1.0,1.009189947755781,-1.7503686546733292,3.3343245756550353,1.1993583612135819,-0.724899825456044,2518568473.041437,28535988794.881058,33.440366351955305,0.12518812875275853,,4,0.75,,1.0,15,2,2.0,7,47,4,1.0
4,3,1,0.75,3,1,1,3,0.4829588720101353,0.8340011636263729,0.9772784960135138,1.0,0.4829588720101353,3.3913566483532156,133.76146540782122,26.752293081564215,-55.93538943675958,-8.825937279219957,-13.983847359189895,633.7614654078211,0.9571218442754623,1.0,1.0,1.009189947755781,-1.7503686546733292,3.3343245756550353,1.1993583612135819,-0.724899825456044,2518568473.041437,28535988794.881058,33.440366351955305,0.12518812875275853,,4,0.75,,1.0,15,2,1.5,5,114,4,1.0
4,3,1,0.75,3,1,1,3,0.4829588720101353,0.8340011636263729,0.9772784960135138,1.0,0.4829588720101353,3.3913566483532156,133.76146540782122,26.752293081564215,-55.93538943675958,-8.825937279219957,-13.983847359189895,633.7614654078211,0.9571218442754623,1.0,1.0,1.009189947755781,-1.7503686546733292,3.3343245756550353,1.1993583612135819,-0.724899825456044,2518568473.041437,28535988794.881058,33.440366351955305,0.12518812875275853,,4,0.75,,1.0,15,2,1.5,7,117,4,1.0
3,2,1,0.6666666666666666,2,1,1,2,0.3659447748047228,0.8340011636263729,1.048917162207084,1.0,0.36594477480472265,2.612342470671648,85.68963503450402,17.1379270069008,0.0,0.0,0.0,585.689635034504,0.5271821664334821,1.0,1.0,1.2023072537035564,-1.4863455416044407,0.0,1.2208499610716532,-0.8165998836373627,1874749.92650588,,28.563211678168006,0.4433518717519318,,3,0.6666666666666666,,1.0,20,2,2.5,3,29,3,1.0
3,2,1,0.6666666666666666,2,1,1,2,0.3659447748047228,0.8340011636263729,1.048917162207084,1.0,0.36594477480472265,2.612342470671648,85.68963503450402,17.1379270069008,0.0,0.0,0.0,585.689635034504,0.5271821664334821,1.0,1.0,1.2023072537035564,-1.4863455416044407,0.0,1.2208499610716532,-0.8165998836373627,1874749.92650588,,28.563211678168006,0.4433518717519318,,3,0.6666666666666666,,1.0,20,2,2.0,3,62,3,1.0
3,2,1,0.6666666666666666,2,1,1,2,0.3659447748047228,0.8340011636263729,1.048917162207084,1.0,0.36594477480472265,2.612342470671648,85.68963503450402,17.1379270069008,0.0,0.0,0.0,585.689635034504,0.5271821664334821,1.0,1.0,1.2023072537035564,-1.4863455416044407,0.0,1.2208499610716532,-0.8165998836373627,1874749.92650588,,28.563211678168006,0.4433518717519318,,3,0.6666666666666666,,1.0,20,2,1.5,3,72,3,1.0
4,2,2,0.5,2,2,1,3,0.0244585811035421,-0.08299941818681356,1.048917162207084,1.0,0.024458581103542043,1.2727709269561347,29.754245597744443,5.950849119548884,-55.93538943675958,-10.558743021237191,-13.983847359189895,529.7542455977444,0.040904491722508214,1.0,1.0,1.1958873010556665,0.1106677614726951,-5.36449844612522,1.1993583612135819,-1.0,195.04209059734586,1847.2093714663808,7.438561399436111,0.9533641321072917,,4,0.5,,1.0,20,2,2.0,7,33,4,1.0
4,2,2,0.5,2,2,1,3,0.0244585811035421,-0.08299941818681356,1.048917162207084,1.0,0.024458581103542043,1.2727709269561347,29.754245597744443,5.950849119548884,-55.93538943675958,-10.558743021237191,-13.983847359189895,529.7542455977444,0.040904491722508214,1.0,1.0,1.1958873010556665,0.1106677614726951,-5.36449844612522,1.1993583612135819,-1.0,195.04209059734586,1847.2093714663808,7.438561399436111,0.9533641321072917,,4,0.5,,1.0,20,2,1.5,5,79,4,1.0
4,2,2,0.5,2,2,1,3,0.0244585811035421,-0.08299941818681356,1.048917162207084,1.0,0.024458581103542043,1.2727709269561347,29.754245597744443,5.950849119548884,-55.93538943675958,-10.558743021237191,-13.983847359189895,529.7542455977444,0.040904491722508214,1.0,1.0,1.1958873010556665,0.1106677614726951,-5.36449844612522,1.1993583612135819,-1.0,195.04209059734586,1847.2093714663808,7.438561399436111,0.9533641321072917,,4,0.5,,1.0,20,2,2.5,5,85,4,1.0
4,2,2,0.5,2,2,1,3,0.0244585811035421,-0.08299941818681356,1.048917162207084,1.0,0.024458581103542043,1.2727709269561347,29.754245597744443,5.950849119548884,-55.93538943675958,-10.558743021237191,-13.983847359189895,529.7542455977444,0.040904491722508214,1.0,1.0,1.1958873010556665,0.1106677614726951,-5.36449844612522,1.1993583612135819,-1.0,195.04209059734586,1847.2093714663808,7.438561399436111,0.9533641321072917,,4,0.5,,1.0,20,2,1.5,7,112,4,1.0
3,1,2,0.3333333333333333,1,2,3,0,-0.24538894640406816,-1.0,1.2638331607877955,1.0,-0.24538894640406828,0.7743341731832789,-25.638597412136235,-5.127719482427251,-56.80655723065934,-11.975375087592067,-18.935519076886447,474.3614025878637,-0.32518599513580076,3.0,4.0,1.307024684781235,1.7320508075688772,0.0,1.0374498447090157,-1.0,-0.9918240919280189,-8.282196462937252,-8.546199137378744,1.0,,3,0.3333333333333333,,1.0,15,1,2.0,3,5,3,1.0
3,1,2,0.3333333333333333,1,2,3,0,-0.24538894640406816,-1.0,1.2638331607877955,1.0,-0.24538894640406828,0.7743341731832789,-25.638597412136235,-5.127719482427251,-56.80655723065934,-11.975375087592067,-18.935519076886447,474.3614025878637,-0.32518599513580076,3.0,4.0,1.307024684781235,1.7320508075688772,0.0,1.0374498447090157,-1.0,-0.9918240919280189,-8.282196462937252,-8.546199137378744,1.0,,3,0.3333333333333333,,1.0,30,1,2.0,3,45,3,1.0
3,1,2,0.3333333333333333,1,2,3,0,-0.24538894640406816,-1.0,1.2638331607877955,1.0,-0.24538894640406828,0.7743341731832789,-25.638597412136235,-5.127719482427251,-56.80655723065934,-11.975375087592067,-18.935519076886447,474.3614025878637,-0.32518599513580076,3.0,4.0,1.307024684781235,1.7320508075688772,0.0,1.0374498447090157,-1.0,-0.9918240919280189,-8.282196462937252,-8.546199137378744,1.0,,3,0.3333333333333333,,1.0,30,1,1.5,3,59,3,1.0
3,1,2,0.3333333333333333,1,2,3,0,-0.24538894640406816,-1.0,1.2638331607877955,1.0,-0.24538894640406828,0.7743341731832789,-25.638597412136235,-5.127719482427251,-56.80655723065934,-11.975375087592067,-18.935519076886447,474.3614025878637,-0.32518599513580076,3.0,4.0,1.307024684781235,1.7320508075688772,0.0,1.0374498447090157,-1.0,-0.9918240919280189,-8.282196462937252,-8.546199137378744,1.0,,3,0.3333333333333333,,1.0,30,1,2.5,7,64,3,1.0
3,1,2,0.3333333333333333,1,2,3,0,-0.24538894640406816,-1.0,1.2638331607877955,1.0,-0.24538894640406828,0.7743341731832789,-25.638597412136235,-5.127719482427251,-56.80655723065934,-11.975375087592067,-18.935519076886447,474.3614025878637,-0.32518599513580076,3.0,4.0,1.307024684781235,1.7320508075688772,0.0,1.0374498447090157,-1.0,-0.9918240919280189,-8.282196462937252,-8.546199137378744,1.0,,3,0.3333333333333333,,1.0,30,1,2.0,7,93,3,1.0
3,1,2,0.3333333333333333,1,2,3,0,-0.24538894640406816,-1.0,1.2638331607877955,1.0,-0.24538894640406828,0.7743341731832789,-25.638597412136235,-5.127719482427251,-56.80655723065934,-11.975375087592067,-18.935519076886447,474.3614025878637,-0.32518599513580076,3.0,4.0,1.307024684781235,1.7320508075688772,0.0,1.0374498447090157,-1.0,-0.9918240919280189,-8.282196462937252,-8.546199137378744,1.0,,3,0.3333333333333333,,1.0,30,1,1.5,5,100,3,1.0
3,1,2,0.3333333333333333,1,2,3,0,-0.24538894640406816,-1.0,1.2638331607877955,1.0,-0.24538894640406828,0.7743341731832789,-25.638597412136235,-5.127719482427251,-56.80655723065934,-11.975375087592067,-18.935519076886447,474.3614025878637,-0.32518599513580076,3.0,4.0,1.307024684781235,1.7320508075688772,0.0,1.0374498447090157,-1.0,-0.9918240919280189,-8.282196462937252,-8.546199137378744,1.0,,3,0.3333333333333333,,1.0,15,1,2.5,3,101,3,1.0
3,1,2,0.3333333333333333,1,2,3,0,-0.24538894640406816,-1.0,1.2638331607877955,1.0,-0.24538894640406828,0.7743341731832789,-25.638597412136235,-5.127719482427251,-56.80655723065934,-11.975375087592067,-18.935519076886447,474.3614025878637,-0.32518599513580076,3.0,4.0,1.307024684781235,1.7320508075688772,0.0,1.0374498447090157,-1.0,-0.9918240919280189,-8.282196462937252,-8.546199137378744,1.0,,3,0.3333333333333333,,1.0,30,1,1.5,7,116,3,1.0
3,1,2,0.3333333333333333,1,2,3,0,-0.24538894640406816,-1.0,1.2638331607877955,1.0,-0.24538894640406828,0.7743341731832789,-25.638597412136235,-5.127719482427251,-56.80655723065934,-11.975375087592067,-18.935519076886447,474.3614025878637,-0.32518599513580076,3.0,4.0,1.307024684781235,1.7320508075688772,0.0,1.0374498447090157,-1.0,-0.9918240919280189,-8.282196462937252,-8.546199137378744,1.0,,3,0.3333333333333333,,1.0,30,1,2.5,5,119,3,1.0
4,1,3,0.25,1,3,3,1,-0.4340417098030511,-1.0,1.2638331607877955,1.0,-0.4340417098030511,0.5188752187519572,-81.57398684889581,-16.314797369779164,-112.74194666741892,-25.438541229973765,-48.57898337907869,418.42601315110414,-0.7669146601810677,2.5,2.5,1.1319165803938978,2.0,4.0000000000000036,0.9242581866696253,-1.0,-0.9999999135317109,-3.9310426824059763,-20.393496712223953,1.0,,4,0.25,,1.0,15,1,2.5,7,4,4,1.0
4,1,3,0.25,1,3,3,1,-0.4340417098030511,-1.0,1.2638331607877955,1.0,-0.4340417098030511,0.5188752187519572,-81.57398684889581,-16.314797369779164,-112.74194666741892,-25.438541229973765,-48.57898337907869,418.42601315110414,-0.7669146601810677,2.5,2.5,1.1319165803938978,2.0,4.0000000000000036,0.9242581866696253,-1.0,-0.9999999135317109,-3.9310426824059763,-20.393496712223953,1.0,,4,0.25,,1.0,15,1,1.5,5,15,4,1.0
4,1,3,0.25,1,3,3,1,-0.4340417098030511,-1.0,1.2638331607877955,1.0,-0.4340417098030511,0.5188752187519572,-81.57398684889581,-16.314797369779164,-112.74194666741892,-25.438541229973765,-48.57898337907869,418.42601315110414,-0.7669146601810677,2.5,2.5,1.1319165803938978,2.0,4.0000000000000036,0.9242581866696253,-1.0,-0.9999999135317109,-3.9310426824059763,-20.393496712223953,1.0,,4,0.25,,1.0,15,1,2.0,7,16,4,1.0
4,1,3,0.25,1,3,3,1,-0.4340417098030511,-1.0,1.2638331607877955,1.0,-0.4340417098030511,0.5188752187519572,-81.57398684889581,-16.314797369779164,-112.74194666741892,-25.438541229973765,-48.57898337907869,418.42601315110414,-0.7669146601810677,2.5,2.5,1.1319165803938978,2.0,4.0000000000000036,0.9242581866696253,-1.0,-0.9999999135317109,-3.9310426824059763,-20.393496712223953,1.0,,4,0.25,,1.0,15,1,1.5,7,23,4,1.0
4,1,3,0.25,1,3,3,1,-0.4340417098030511,-1.0,1.2638331607877955,1.0,-0.4340417098030511,0.5188752187519572,-81.57398684889581,-16.314797369779164,-112.74194666741892,-25.438541229973765,-48.57898337907869,418.42601315110414,-0.7669146601810677,2.5,2.5,1.1319165803938978,2.0,4.0000000000000036,0.9242581866696253,-1.0,-0.9999999135317109,-3.9310426824059763,-20.393496712223953,1.0,,4,0.25,,1.0,15,1,2.0,5,46,4,1.0
4,1,3,0.25,1,3,3,1,-0.4340417098030511,-1.0,1.2638331607877955,1.0,-0.4340417098030511,0.5275543137436395,-78.78464832451381,-15.756929664902763,-113.61311446131862,-25.4251114247265,-49.01456727602853,421.2153516754862,-0.7669146601810677,2.5,2.5,1.1319165803938978,2.0,4.0000000000000036,0.9242581866696253,-1.0,-0.9999998413863955,-3.9331188158092907,-19.696162081128453,1.0,,4,0.25,,1.0,20,1,2.5,3,108,4,1.0
5,1,4,0.2,1,4,3,2,-0.5472333678424409,-1.0,1.2638331607877955,1.0,-0.5472333678424409,0.39504565849874956,-134.72003776127337,-26.94400755225468,-169.5485038980782,-37.94271131412377,-84.30843248779038,365.2799622387266,-1.2086433252263347,2.2,1.0,1.0124169674479444,2.2360679774997894,5.0,0.811066528630236,-1.0,-0.9999999999996452,-2.635552298096857,-26.944007552254675,1.0,,5,0.2,,1.0,20,1,2.0,7,41,5,1.0
5,1,4,0.2,1,4,3,2,-0.5472333678424409,-1.0,1.2638331607877955,1.0,-0.5472333678424409,0.39504565849874956,-134.72003776127337,-26.94400755225468,-169.5485038980782,-37.94271131412377,-84.30843248779038,365.2799622387266,-1.2086433252263347,2.2,1.0,1.0124169674479444,2.2360679774997894,5.0,0.811066528630236,-1.0,-0.9999999999996452,-2.635552298096857,-26.944007552254675,1.0,,5,0.2,,1.0,20,1,2.5,7,54,5,1.0
5,1,4,0.2,1,4,3,2,-0.5472333678424409,-1.0,1.2638331607877955,1.0,-0.5472333678424409,0.39504565849874956,-134.72003776127337,-26.94400755225468,-169.5485038980782,-37.94271131412377,-84.30843248779038,365.2799622387266,-1.2086433252263347,2.2,1.0,1.0124169674479444,2.2360679774997894,5.0,0.811066528630236,-1.0,-0.9999999999996452,-2.635552298096857,-26.944007552254675,1.0,,5,0.2,,1.0,20,1,2.5,5,55,5,1.0
5,1,4,0.2,1,4,3,2,-0.5472333678424409,-1.0,1.2638331607877955,1.0,-0.5472333678424409,0.39504565849874956,-134.72003776127337,-26.94400755225468,-169.5485038980782,-37.94271131412377,-84.30843248779038,365.2799622387266,-1.2086433252263347,2.2,1.0,1.0124169674479444,2.2360679774997894,5.0,0.811066528630236,-1.0,-0.9999999999996452,-2.635552298096857,-26.944007552254675,1.0,,5,0.2,,1.0,20,1,1.5,5,57,5,1.0
5,1,4,0.2,1,4,3,2,-0.5472333678424409,-1.0,1.2638331607877955,1.0,-0.5472333678424409,0.39504565849874956,-134.72003776127337,-26.94400755225468,-169.5485038980782,-37.94271131412377,-84.30843248779038,365.2799622387266,-1.2086433252263347,2.2,1.0,1.0124169674479444,2.2360679774997894,5.0,0.811066528630236,-1.0,-0.9999999999996452,-2.635552298096857,-26.944007552254675,1.0,,5,0.2,,1.0,20,1,1.5,7,97,5,1.0
4,0,4,0.0,0,4,2,2,-1.0,-1.0,0.0,1.0,-1.0,0.0,-200.15518065400406,-40.03103613080082,-147.00912974162657,-32.89869767108177,-71.951549363006,299.84481934599586,,1.0,1.0,0.0,,,-1.0,-1.0,-1.0,-3.0396340000990625,-50.038795163501014,,,4,0.0,,0.8,20,2,1.5,5,1,4,1.0
3,0,3,0.0,0,3,3,0,-1.0,-1.0,0.0,1.0,-1.0,0.0,-167.87941753003037,-33.575883506006086,-111.07286029937109,-25.06193674827874,-55.959805843343474,332.1205824699696,,3.0,4.0,0.0,,0.0,-1.0,-1.0,-0.9999999999999999,-3.9901146110293335,-55.95980584334345,,,3,0.0,,0.8,15,1,2.5,3,2,3,1.0
4,0,4,0.0,0,4,2,2,-1.0,-1.0,0.0,1.0,-1.0,0.0,-200.15518065400406,-40.03103613080082,-147.00912974162657,-32.89869767108177,-71.951549363006,299.84481934599586,,1.0,1.0,0.0,,,-1.0,-1.0,-1.0,-3.0396340000990625,-50.038795163501014,,,4,0.0,,0.8,20,2,2.5,7,6,4,1.0
5,0,5,0.0,0,5,3,2,-1.0,-1.0,0.0,1.0,-1.0,0.0,-274.16988637710284,-54.83397727542059,-221.02383546472532,-49.46220927799954,-111.64020791054335,225.8301136228971,,2.2,1.0,0.0,,,-1.0,-1.0,-1.0,-2.021745519654322,-54.833977275420565,,,5,0.0,,0.8,20,1,2.5,7,7,5,1.0
3,0,3,0.0,0,3,0,3,-1.0,-1.0,0.0,1.0,-1.0,0.0,-201.96813938542803,-40.393627877085606,-148.82208847305043,-33.30441384190795,-72.71544426765355,298.031860614572,,1.3333333333333333,1.0,0.0,,0.0,-1.0,-1.0,-1.0,-3.0026050142989447,-67.32271312847601,,,3,0.0,,1.2,20,2,2.0,5,8,3,1.0
5,0,5,0.0,0,5,3,2,-1.0,-1.0,0.0,1.0,-1.0,0.0,-274.16988637710284,-54.83397727542059,-221.02383546472532,-49.46220927799954,-111.64020791054335,225.8301136228971,,2.2,1.0,0.0,,,-1.0,-1.0,-1.0,-2.021745519654322,-54.833977275420565,,,5,0.0,,0.8,20,1,2.0,5,9,5,1.0
1,0,1,0.0,0,1,0,1,-1.0,-1.0,0.0,1.0,-1.0,0.0,-69.32424432991024,-13.864848865982049,0.0,0.0,0.0,430.67575567008976,,1.0,1.0,0.0,0.0,0.0,-1.0,-1.0,,,-69.32424432991024,,,1,0.0,,1.2,30,1,2.5,5,10,1,1.0
2,0,2,0.0,0,2,0,2,-1.0,-1.0,0.0,1.0,-1.0,0.0,-138.6484886598205,-27.729697731964098,-69.32424432991024,-16.096621046626698,-34.66212216495512,361.3515113401795,,1.0,1.0,0.0,0.0,0.0,-1.0,-1.0,-1.0,-6.2124839561254745,-69.32424432991024,,,2,0.0,,1.2,15,1,1.5,3,11,2,1.0
4,0,4,0.0,0,4,3,1,-1.0,-1.0,0.0,1.0,-1.0,0.0,-221.0238354647253,-44.204767092945076,-164.21727823406604,-37.0531831897009,-82.74370265751992,278.9761645352746,,2.5,2.5,0.0,,,-1.0,-1.0,-1.0,-2.698823458379561,-55.255958866181324,,,4,0.0,,0.8,15,1,2.5,7,12,4,1.0
4,0,4,0.0,0,4,3,1,-1.0,-1.0,0.0,1.0,-1.0,0.0,-221.0238354647253,-44.204767092945076,-164.21727823406604,-37.0531831897009,-82.74370265751992,278.9761645352746,,2.5,2.5,0.0,,,-1.0,-1.0,-1.0,-2.698823458379561,-55.255958866181324,,,4,0.0,,0.8,15,1,2.5,5,13,4,1.0
5,0,5,0.0,0,5,3,2,-1.0,-1.0,0.0,1.0,-1.0,0.0,-274.16988637710284,-54.83397727542059,-221.02383546472532,-49.46220927799954,-111.64020791054335,225.8301136228971,,2.2,1.0,0.0,,,-1.0,-1.0,-1.0,-2.021745519654322,-54.833977275420565,,,5,0.0,,0.8,20,1,2.0,7,14,5,1.0
2,0,2,0.0,0,2,0,2,-1.0,-1.0,0.0,1.0,-1.0,0.0,-122.47029524228782,-24.49405904845756,-69.32424432991024,-15.513848422164584,-34.66212216495512,377.5297047577122,,1.0,1.0,0.0,0.0,0.0,-1.0,-1.0,-1.0,-6.445853877051572,-61.23514762114391,,,2,0.0,,1.2,20,1,2.0,3,17,2,1.0
1,0,1,0.0,0,1,0,1,-1.0,-1.0,0.0,1.0,-1.0,0.0,-69.32424432991024,-13.864848865982049,0.0,0.0,0.0,430.67575567008976,,1.0,1.0,0.0,0.0,0.0,-1.0,-1.0,,,-69.32424432991024,,,1,0.0,,1.2,30,2,2.5,5,18,1,1.0
3,0,3,0.0,0,3,0,3,-1.0,-1.0,0.0,1.0,-1.0,0.0,-201.96813938542803,-40.393627877085606,-148.82208847305043,-33.30441384190795,-72.71544426765355,298.031860614572,,1.3333333333333333,1.0,0.0,,0.0,-1.0,-1.0,-1.0,-3.0026050142989447,-67.32271312847601,,,3,0.0,,1.2,20,2,2.5,7,19,3,1.0
2,0,2,0.0,0,2,2,0,-1.0,-1.0,0.0,1.0,-1.0,0.0,-93.86471180693157,-18.772942361386324,-46.932355903465805,-10.35879664217779,-23.466177951732902,406.1352881930684,,1.0,1.0,0.0,0.0,0.0,-1.0,-1.0,-1.0,-9.653630962580266,-46.93235590346578,,,2,0.0,,0.8,30,2,2.0,7,20,2,1.0
1,0,1,0.0,0,1,0,1,-1.0,-1.0,0.0,1.0,-1.0,0.0,-69.32424432991024,-13.864848865982049,0.0,0.0,0.0,430.67575567008976,,1.0,1.0,0.0,0.0,0.0,-1.0,-1.0,,,-69.32424432991024,,,1,0.0,,1.2,30,2,1.5,5,21,1,1.0
2,0,2,0.0,0,2,0,2,-1.0,-1.0,0.0,1.0,-1.0,0.0,-138.6484886598205,-27.729697731964098,-69.32424432991024,-16.096621046626698,-34.66212216495512,361.3515113401795,,1.0,1.0,0.0,0.0,0.0,-1.0,-1.0,-1.0,-6.2124839561254745,-69.32424432991024,,,2,0.0,,1.2,15,1,2.5,3,24,2,1.0
4,0,4,0.0,0,4,3,1,-1.0,-1.0,0.0,1.0,-1.0,0.0,-221.0238354647253,-44.204767092945076,-164.21727823406604,-37.0531831897009,-82.74370265751992,278.9761645352746,,2.5,2.5,0.0,,,-1.0,-1.0,-1.0,-2.698823458379561,-55.255958866181324,,,4,0.0,,0.8,15,1,1.5,5,26,4,1.0
3,0,3,0.0,0,3,3,0,-1.0,-1.0,0.0,1.0,-1.0,0.0,-167.87941753003037,-33.575883506006086,-111.07286029937109,-25.06193674827874,-55.959805843343474,332.1205824699696,,3.0,4.0,0.0,,0.0,-1.0,-1.0,-0.9999999999999999,-3.9901146110293335,-55.95980584334345,,,3,0.0,,0.8,30,1,2.0,5,27,3,1.0
1,0,1,0.0,0,1,0,1,-1.0,-1.0,0.0,1.0,-1.0,0.0,-69.32424432991024,-13.864848865982049,0.0,0.0,0.0,430.67575567008976,,1.0,1.0,0.0,0.0,0.0,-1.0,-1.0,,,-69.32424432991024,,,1,0.0,,1.2,30,1,2.5,7,28,1,1.0
3,0,3,0.0,0,3,0,3,-1.0,-1.0,0.0,1.0,-1.0,0.0,-201.96813938542803,-40.393627877085606,-148.82208847305043,-33.30441384190795,-72.71544426765355,298.031860614572,,1.3333333333333333,1.0,0.0,,0.0,-1.0,-1.0,-1.0,-3.0026050142989447,-67.32271312847601,,,3,0.0,,1.2,20,2,1.5,7,30,3,1.0
3,0,3,0.0,0,3,3,0,-1.0,-1.0,0.0,1.0,-1.0,0.0,-167.87941753003037,-33.575883506006086,-111.07286029937109,-25.06193674827874,-55.959805843343474,332.1205824699696,,3.0,4.0,0.0,,0.0,-1.0,-1.0,-0.9999999999999999,-3.9901146110293335,-55.95980584334345,,,3,0.0,,0.8,30,1,2.0,3,31,3,1.0
1,0,1,0.0,0,1,0,1,-1.0,-1.0,0.0,1.0,-1.0,0.0,-69.32424432991024,-13.864848865982049,0.0,0.0,0.0,430.67575567008976,,1.0,1.0,0.0,0.0,0.0,-1.0,-1.0,,,-69.32424432991024,,,1,0.0,,1.2,30,1,2.0,3,32,1,1.0
1,0,1,0.0,0,1,0,1,-1.0,-1.0,0.0,1.0,-1.0,0.0,-69.32424432991024,-13.864848865982049,0.0,0.0,0.0,430.67575567008976,,1.0,1.0,0.0,0.0,0.0,-1.0,-1.0,,,-69.32424432991024,,,1,0.0,,1.2,30,2,1.5,7,34,1,1.0
1,0,1,0.0,0,1,0,1,-1.0,-1.0,0.0,1.0,-1.0,0.0,-69.32424432991024,-13.864848865982049,0.0,0.0,0.0,430.67575567008976,,1.0,1.0,0.0,0.0,0.0,-1.0,-1.0,,,-69.32424432991024,,,1,0.0,,1.2,30,1,2.0,5,35,1,1.0
2,0,2,0.0,0,2,2,0,-1.0,-1.0,0.0,1.0,-1.0,0.0,-93.86471180693157,-18.772942361386324,-46.932355903465805,-10.35879664217779,-23.466177951732902,406.1352881930684,,1.0,1.0,0.0,0.0,0.0,-1.0,-1.0,-1.0,-9.653630962580266,-46.93235590346578,,,2,0.0,,0.8,30,2,2.0,3,36,2,1.0
2,0,2,0.0,0,2,2,0,-1.0,-1.0,0.0,1.0,-1.0,0.0,-93.86471180693157,-18.772942361386324,-46.932355903465805,-10.35879664217779,-23.466177951732902,406.1352881930684,,1.0,1.0,0.0,0.0,0.0,-1.0,-1.0,-1.0,-9.653630962580266,-46.93235590346578,,,2,0.0,,0.8,15,2,2.0,3,37,2,1.0
2,0,2,0.0,0,2,2,0,-1.0,-1.0,0.0,1.0,-1.0,0.0,-93.86471180693157,-18.772942361386324,-46.932355903465805,-10.35879664217779,-23.466177951732902,406.1352881930684,,1.0,1.0,0.0,0.0,0.0,-1.0,-1.0,-1.0,-9.653630962580266,-46.93235590346578,,,2,0.0,,0.8,30,2,1.5,3,38,2,1.0
3,0,3,0.0,0,3,0,3,-1.0,-1.0,0.0,1.0,-1.0,0.0,-191.8656966410719,-38.37313932821438,-138.71964572869433,-31.04362085462809,-69.34796335286819,308.1343033589281,,1.3333333333333333,1.0,0.0,,0.0,-1.0,-1.0,-1.0,-3.2212737189480154,-63.955232213690635,,,3,0.0,,1.2,20,1,2.5,7,39,3,1.0
3,0,3,0.0,0,3,3,0,-1.0,-1.0,0.0,1.0,-1.0,0.0,-167.87941753003037,-33.575883506006086,-111.07286029937109,-25.06193674827874,-55.959805843343474,332.1205824699696,,3.0,4.0,0.0,,0.0,-1.0,-1.0,-0.9999999999999999,-3.9901146110293335,-55.95980584334345,,,3,0.0,,0.8,30,1,2.5,7,40,3,1.0
3,0,3,0.0,0,3,2,1,-1.0,-1.0,0.0,1.0,-1.0,0.0,-147.01076271930913,-29.40215254386184,-93.86471180693161,-21.00568026725124,-46.932355903465805,352.9892372806908,,1.0,1.0,0.0,,0.0,-1.0,-1.0,-1.0,-4.76061706775116,-49.00358757310304,,,3,0.0,,0.8,20,2,2.5,3,42,3,1.0
4,0,4,0.0,0,4,3,1,-1.0,-1.0,0.0,1.0,-1.0,0.0,-221.0238354647253,-44.204767092945076,-164.21727823406604,-37.0531831897009,-82.74370265751992,278.9761645352746,,2.5,2.5,0.0,,,-1.0,-1.0,-1.0,-2.698823458379561,-55.255958866181324,,,4,0.0,,0.8,15,1,2.0,7,44,4,1.0
2,0,2,0.0,0,2,2,0,-1.0,-1.0,0.0,1.0,-1.0,0.0,-93.86471180693157,-18.772942361386324,-46.932355903465805,-10.35879664217779,-23.466177951732902,406.1352881930684,,1.0,1.0,0.0,0.0,0.0,-1.0,-1.0,-1.0,-9.653630962580266,-46.93235590346578,,,2,0.0,,0.8,15,2,2.5,3,48,2,1.0
2,0,2,0.0,0,2,0,2,-1.0,-1.0,0.0,1.0,-1.0,0.0,-122.47029524228782,-24.49405904845756,-69.32424432991024,-15.513848422164584,-34.66212216495512,377.5297047577122,,1.0,1.0,0.0,0.0,0.0,-1.0,-1.0,-1.0,-6.445853877051572,-61.23514762114391,,,2,0.0,,1.2,20,1,1.5,3,49,2,1.0
3,0,3,0.0,0,3,2,1,-1.0,-1.0,0.0,1.0,-1.0,0.0,-147.0091297416265,-29.40182594832531,-100.07677383816076,-22.088704665221602,-49.00304324720886,352.99087025837343,,1.0,1.0,0.0,,0.0,-1.0,-1.0,-1.0,-4.5272007351996875,-49.003043247208836,,,3,0.0,,0.8,15,2,1.5,5,50,3,1.0
1,0,1,0.0,0,1,0,1,-1.0,-1.0,0.0,1.0,-1.0,0.0,-69.32424432991024,-13.864848865982049,0.0,0.0,0.0,430.67575567008976,,1.0,1.0,0.0,0.0,0.0,-1.0,-1.0,,,-69.32424432991024,,,1,0.0,,1.2,30,2,2.5,3,51,1,1.0
3,0,3,0.0,0,3,3,0,-1.0,-1.0,0.0,1.0,-1.0,0.0,-167.87941753003037,-33.575883506006086,-111.07286029937109,-25.06193674827874,-55.959805843343474,332.1205824699696,,3.0,4.0,0.0,,0.0,-1.0,-1.0,-0.9999999999999999,-3.9901146110293335,-55.95980584334345,,,3,0.0,,0.8,30,1,1.5,5,52,3,1.0
2,0,2,0.0,0,2,2,0,-1.0,-1.0,0.0,1.0,-1.0,0.0,-93.86471180693157,-18.772942361386324,-46.932355903465805,-10.35879664217779,-23.466177951732902,406.1352881930684,,1.0,1.0,0.0,0.0,0.0,-1.0,-1.0,-1.0,-9.653630962580266,-46.93235590346578,,,2,0.0,,0.8,30,2,1.5,5,56,2,1.0
4,0,4,0.0,0,4,3,1,-1.0,-1.0,0.0,1.0,-1.0,0.0,-221.02546844240794,-44.20509368848159,-167.87941753003037,-37.569191874169015,-84.57477230550207,278.97453155759206,,2.5,2.5,0.0,,,-1.0,-1.0,-1.0,-2.661755417442337,-55.256367110601985,,,4,0.0,,0.8,20,1,2.5,3,58,4,1.0
1,0,1,0.0,0,1,0,1,-1.0,-1.0,0.0,1.0,-1.0,0.0,-69.32424432991024,-13.864848865982049,0.0,0.0,0.0,430.67575567008976,,1.0,1.0,0.0,0.0,0.0,-1.0,-1.0,,,-69.32424432991024,,,1,0.0,,1.2,30,1,2.5,3,60,1,1.0
3,0,3,0.0,0,3,0,3,-1.0,-1.0,0.0,1.0,-1.0,0.0,-218.1463328029607,-43.62926656059215,-148.82208847305048,-34.55548321764659,-72.71544426765358,281.8536671970393,,1.3333333333333333,1.0,0.0,,0.0,-1.0,-1.0,-1.0,-2.8938967332667076,-72.71544426765357,,,3,0.0,,1.2,15,2,1.5,5,61,3,1.0
4,0,4,0.0,0,4,2,2,-1.0,-1.0,0.0,1.0,-1.0,0.0,-200.15518065400406,-40.03103613080082,-147.00912974162657,-32.89869767108177,-71.951549363006,299.84481934599586,,1.0,1.0,0.0,,,-1.0,-1.0,-1.0,-3.0396340000990625,-50.038795163501014,,,4,0.0,,0.8,20,2,1.5,7,63,4,1.0
3,0,3,0.0,0,3,0,3,-1.0,-1.0,0.0,1.0,-1.0,0.0,-208.04389005860457,-41.608778011720915,-138.71964572869433,-32.20976428377307,-69.34796335286819,291.9561099413954,,1.3333333333333333,1.0,0.0,,0.0,-1.0,-1.0,-1.0,-3.1046486127307342,-69.34796335286819,,,3,0.0,,1.2,15,1,1.5,7,65,3,1.0
3,0,3,0.0,0,3,0,3,-1.0,-1.0,0.0,1.0,-1.0,0.0,-208.04389005860457,-41.608778011720915,-138.71964572869433,-32.20976428377307,-69.34796335286819,291.9561099413954,,1.3333333333333333,1.0,0.0,,0.0,-1.0,-1.0,-1.0,-3.1046486127307342,-69.34796335286819,,,3,0.0,,1.2,15,1,2.0,5,66,3,1.0
3,0,3,0.0,0,3,0,3,-1.0,-1.0,0.0,1.0,-1.0,0.0,-218.1463328029607,-43.62926656059215,-148.82208847305048,-34.55548321764659,-72.71544426765358,281.8536671970393,,1.3333333333333333,1.0,0.0,,0.0,-1.0,-1.0,-1.0,-2.8938967332667076,-72.71544426765357,,,3,0.0,,1.2,15,2,2.5,7,68,3,1.0
3,0,3,0.0,0,3,0,3,-1.0,-1.0,0.0,1.0,-1.0,0.0,-208.04389005860457,-41.608778011720915,-138.71964572869433,-32.20976428377307,-69.34796335286819,291.9561099413954,,1.3333333333333333,1.0,0.0,,0.0,-1.0,-1.0,-1.0,-3.1046486127307342,-69.34796335286819,,,3,0.0,,1.2,15,1,2.0,7,69,3,1.0
1,0,1,0.0,0,1,0,1,-1.0,-1.0,0.0,1.0,-1.0,0.0,-69.32424432991024,-13.864848865982049,0.0,0.0,0.0,430.67575567008976,,1.0,1.0,0.0,0.0,0.0,-1.0,-1.0,,,-69.32424432991024,,,1,0.0,,1.2,30,2,2.0,3,70,1,1.0
3,0,3,0.0,0,3,0,3,-1.0,-1.0,0.0,1.0,-1.0,0.0,-208.04389005860457,-41.608778011720915,-138.71964572869433,-32.20976428377307,-69.34796335286819,291.9561099413954,,1.3333333333333333,1.0,0.0,,0.0,-1.0,-1.0,-1.0,-3.1046486127307342,-69.34796335286819,,,3,0.0,,1.2,15,1,2.5,7,71,3,1.0
3,0,3,0.0,0,3,0,3,-1.0,-1.0,0.0,1.0,-1.0,0.0,-208.04389005860457,-41.608778011720915,-138.71964572869433,-32.20976428377307,-69.34796335286819,291.9561099413954,,1.3333333333333333,1.0,0.0,,0.0,-1.0,-1.0,-1.0,-3.1046486127307342,-69.34796335286819,,,3,0.0,,1.2,15,1,1.5,5,73,3,1.0
5,0,5,0.0,0,5,3,2,-1.0,-1.0,0.0,1.0,-1.0,0.0,-274.16988637710284,-54.83397727542059,-221.02383546472532,-49.46220927799954,-111.64020791054335,225.8301136228971,,2.2,1.0,0.0,,,-1.0,-1.0,-1.0,-2.021745519654322,-54.833977275420565,,,5,0.0,,0.8,20,1,1.5,7,74,5,1.0
2,0,2,0.0,0,2,2,0,-1.0,-1.0,0.0,1.0,-1.0,0.0,-93.86471180693157,-18.772942361386324,-46.932355903465805,-10.35879664217779,-23.466177951732902,406.1352881930684,,1.0,1.0,0.0,0.0,0.0,-1.0,-1.0,-1.0,-9.653630962580266,-46.93235590346578,,,2,0.0,,0.8,30,2,1.5,7,75,2,1.0
3,0,3,0.0,0,3,0,3,-1.0,-1.0,0.0,1.0,-1.0,0.0,-218.1463328029607,-43.62926656059215,-148.82208847305048,-34.55548321764659,-72.71544426765358,281.8536671970393,,1.3333333333333333,1.0,0.0,,0.0,-1.0,-1.0,-1.0,-2.8938967332667076,-72.71544426765357,,,3,0.0,,1.2,15,2,2.5,5,76,3,1.0
3,0,3,0.0,0,3,0,3,-1.0,-1.0,0.0,1.0,-1.0,0.0,-191.8656966410719,-38.37313932821438,-138.71964572869433,-31.04362085462809,-69.34796335286819,308.1343033589281,,1.3333333333333333,1.0,0.0,,0.0,-1.0,-1.0,-1.0,-3.2212737189480154,-63.955232213690635,,,3,0.0,,1.2,20,1,1.5,7,77,3,1.0
4,0,4,0.0,0,4,2,2,-1.0,-1.0,0.0,1.0,-1.0,0.0,-200.15518065400406,-40.03103613080082,-147.00912974162657,-32.89869767108177,-71.951549363006,299.84481934599586,,1.0,1.0,0.0,,,-1.0,-1.0,-1.0,-3.0396340000990625,-50.038795163501014,,,4,0.0,,0.8,20,2,2.5,5,78,4,1.0
2,0,2,0.0,0,2,2,0,-1.0,-1.0,0.0,1.0,-1.0,0.0,-93.86471180693157,-18.772942361386324,-46.932355903465805,-10.35879664217779,-23.466177951732902,406.1352881930684,,1.0,1.0,0.0,0.0,0.0,-1.0,-1.0,-1.0,-9.653630962580266,-46.93235590346578,,,2,0.0,,0.8,15,2,1.5,3,80,2,1.0
3,0,3,0.0,0,3,0,3,-1.0,-1.0,0.0,1.0,-1.0,0.0,-218.1463328029607,-43.62926656059215,-148.82208847305048,-34.55548321764659,-72.71544426765358,281.8536671970393,,1.3333333333333333,1.0,0.0,,0.0,-1.0,-1.0,-1.0,-2.8938967332667076,-72.71544426765357,,,3,0.0,,1.2,15,2,2.0,5,81,3,1.0
4,0,4,0.0,0,4,3,1,-1.0,-1.0,0.0,1.0,-1.0,0.0,-221.02546844240794,-44.20509368848159,-167.87941753003037,-37.569191874169015,-84.57477230550207,278.97453155759206,,2.5,2.5,0.0,,,-1.0,-1.0,-1.0,-2.661755417442337,-55.256367110601985,,,4,0.0,,0.8,20,1,2.0,3,82,4,1.0
3,0,3,0.0,0,3,0,3,-1.0,-1.0,0.0,1.0,-1.0,0.0,-208.04389005860457,-41.608778011720915,-138.71964572869433,-32.20976428377307,-69.34796335286819,291.9561099413954,,1.3333333333333333,1.0,0.0,,0.0,-1.0,-1.0,-1.0,-3.1046486127307342,-69.34796335286819,,,3,0.0,,1.2,15,1,2.5,5,83,3,1.0
4,0,4,0.0,0,4,2,2,-1.0,-1.0,0.0,1.0,-1.0,0.0,-200.15518065400406,-40.03103613080082,-147.00912974162657,-32.89869767108177,-71.951549363006,299.84481934599586,,1.0,1.0,0.0,,,-1.0,-1.0,-1.0,-3.0396340000990625,-50.038795163501014,,,4,0.0,,0.8,20,2,2.0,5,84,4,1.0
1,0,1,0.0,0,1,0,1,-1.0,-1.0,0.0,1.0,-1.0,0.0,-69.32424432991024,-13.864848865982049,0.0,0.0,0.0,430.67575567008976,,1.0,1.0,0.0,0.0,0.0,-1.0,-1.0,,,-69.32424432991024,,,1,0.0,,1.2,30,1,1.5,7,86,1,1.0
2,0,2,0.0,0,2,0,2,-1.0,-1.0,0.0,1.0,-1.0,0.0,-138.6484886598205,-27.729697731964098,-69.32424432991024,-16.096621046626698,-34.66212216495512,361.3515113401795,,1.0,1.0,0.0,0.0,0.0,-1.0,-1.0,-1.0,-6.2124839561254745,-69.32424432991024,,,2,0.0,,1.2,15,2,1.5,3,87,2,1.0
2,0,2,0.0,0,2,0,2,-1.0,-1.0,0.0,1.0,-1.0,0.0,-122.47029524228782,-24.49405904845756,-69.32424432991024,-15.513848422164584,-34.66212216495512,377.5297047577122,,1.0,1.0,0.0,0.0,0.0,-1.0,-1.0,-1.0,-6.445853877051572,-61.23514762114391,,,2,0.0,,1.2,20,1,2.5,3,89,2,1.0
1,0,1,0.0,0,1,0,1,-1.0,-1.0,0.0,1.0,-1.0,0.0,-69.32424432991024,-13.864848865982049,0.0,0.0,0.0,430.67575567008976,,1.0,1.0,0.0,0.0,0.0,-1.0,-1.0,,,-69.32424432991024,,,1,0.0,,1.2,30,2,2.5,7,90,1,1.0
3,0,3,0.0,0,3,3,0,-1.0,-1.0,0.0,1.0,-1.0,0.0,-167.87941753003037,-33.575883506006086,-111.07286029937109,-25.06193674827874,-55.959805843343474,332.1205824699696,,3.0,4.0,0.0,,0.0,-1.0,-1.0,-0.9999999999999999,-3.9901146110293335,-55.95980584334345,,,3,0.0,,0.8,30,1,2.0,7,91,3,1.0
1,0,1,0.0,0,1,0,1,-1.0,-1.0,0.0,1.0,-1.0,0.0,-69.32424432991024,-13.864848865982049,0.0,0.0,0.0,430.67575567008976,,1.0,1.0,0.0,0.0,0.0,-1.0,-1.0,,,-69.32424432991024,,,1,0.0,,1.2,30,1,2.0,7,92,1,1.0
4,0,4,0.0,0,4,3,1,-1.0,-1.0,0.0,1.0,-1.0,0.0,-221.0238354647253,-44.204767092945076,-164.21727823406604,-37.0531831897009,-82.74370265751992,278.9761645352746,,2.5,2.5,0.0,,,-1.0,-1.0,-1.0,-2.698823458379561,-55.255958866181324,,,4,0.0,,0.8,15,1,2.0,5,94,4,1.0
2,0,2,0.0,0,2,0,2,-1.0,-1.0,0.0,1.0,-1.0,0.0,-122.47029524228782,-24.49405904845756,-69.32424432991024,-15.513848422164584,-34.66212216495512,377.5297047577122,,1.0,1.0,0.0,0.0,0.0,-1.0,-1.0,-1.0,-6.445853877051572,-61.23514762114391,,,2,0.0,,1.2,20,2,1.5,3,95,2,1.0
2,0,2,0.0,0,2,2,0,-1.0,-1.0,0.0,1.0,-1.0,0.0,-93.86471180693157,-18.772942361386324,-46.932355903465805,-10.35879664217779,-23.466177951732902,406.1352881930684,,1.0,1.0,0.0,0.0,0.0,-1.0,-1.0,-1.0,-9.653630962580266,-46.93235590346578,,,2,0.0,,0.8,30,2,2.5,3,96,2,1.0
3,0,3,0.0,0,3,2,1,-1.0,-1.0,0.0,1.0,-1.0,0.0,-147.01076271930913,-29.40215254386184,-93.86471180693161,-21.00568026725124,-46.932355903465805,352.9892372806908,,1.0,1.0,0.0,,0.0,-1.0,-1.0,-1.0,-4.76061706775116,-49.00358757310304,,,3,0.0,,0.8,20,2,1.5,3,99,3,1.0
3,0,3,0.0,0,3,3,0,-1.0,-1.0,0.0,1.0,-1.0,0.0,-167.87941753003037,-33.575883506006086,-111.07286029937109,-25.06193674827874,-55.959805843343474,332.1205824699696,,3.0,4.0,0.0,,0.0,-1.0,-1.0,-0.9999999999999999,-3.9901146110293335,-55.95980584334345,,,3,0.0,,0.8,30,1,1.5,3,102,3,1.0
2,0,2,0.0,0,2,0,2,-1.0,-1.0,0.0,1.0,-1.0,0.0,-122.47029524228782,-24.49405904845756,-69.32424432991024,-15.513848422164584,-34.66212216495512,377.5297047577122,,1.0,1.0,0.0,0.0,0.0,-1.0,-1.0,-1.0,-6.445853877051572,-61.23514762114391,,,2,0.0,,1.2,20,2,2.5,3,103,2,1.0
1,0,1,0.0,0,1,0,1,-1.0,-1.0,0.0,1.0,-1.0,0.0,-69.32424432991024,-13.864848865982049,0.0,0.0,0.0,430.67575567008976,,1.0,1.0,0.0,0.0,0.0,-1.0,-1.0,,,-69.32424432991024,,,1,0.0,,1.2,30,1,1.5,5,104,1,1.0
3,0,3,0.0,0,3,0,3,-1.0,-1.0,0.0,1.0,-1.0,0.0,-218.1463328029607,-43.62926656059215,-148.82208847305048,-34.55548321764659,-72.71544426765358,281.8536671970393,,1.3333333333333333,1.0,0.0,,0.0,-1.0,-1.0,-1.0,-2.8938967332667076,-72.71544426765357,,,3,0.0,,1.2,15,2,1.5,7,105,3,1.0
3,0,3,0.0,0,3,2,1,-1.0,-1.0,0.0,1.0,-1.0,0.0,-147.0091297416265,-29.40182594832531,-100.07677383816076,-22.088704665221602,-49.00304324720886,352.99087025837343,,1.0,1.0,0.0,,0.0,-1.0,-1.0,-1.0,-4.5272007351996875,-49.003043247208836,,,3,0.0,,0.8,15,2,2.0,5,106,3,1.0
5,0,5,0.0,0,5,3,2,-1.0,-1.0,0.0,1.0,-1.0,0.0,-274.16988637710284,-54.83397727542059,-221.02383546472532,-49.46220927799954,-111.64020791054335,225.8301136228971,,2.2,1.0,0.0,,,-1.0,-1.0,-1.0,-2.021745519654322,-54.833977275420565,,,5,0.0,,0.8,20,1,2.5,5,109,5,1.0
3,0,3,0.0,0,3,0,3,-1.0,-1.0,0.0,1.0,-1.0,0.0,-191.8656966410719,-38.37313932821438,-138.71964572869433,-31.04362085462809,-69.34796335286819,308.1343033589281,,1.3333333333333333,1.0,0.0,,0.0,-1.0,-1.0,-1.0,-3.2212737189480154,-63.955232213690635,,,3,0.0,,1.2,20,1,2.0,5,110,3,1.0
3,0,3,0.0,0,3,2,1,-1.0,-1.0,0.0,1.0,-1.0,0.0,-147.0091297416265,-29.40182594832531,-100.07677383816076,-22.088704665221602,-49.00304324720886,352.99087025837343,,1.0,1.0,0.0,,0.0,-1.0,-1.0,-1.0,-4.5272007351996875,-49.003043247208836,,,3,0.0,,0.8,15,2,2.5,5,113,3,1.0
2,0,2,0.0,0,2,0,2,-1.0,-1.0,0.0,1.0,-1.0,0.0,-122.47029524228782,-24.49405904845756,-69.32424432991024,-15.513848422164584,-34.66212216495512,377.5297047577122,,1.0,1.0,0.0,0.0,0.0,-1.0,-1.0,-1.0,-6.445853877051572,-61.23514762114391,,,2,0.0,,1.2,20,2,2.0,3,115,2,1.0
2,0,2,0.0,0,2,2,0,-1.0,-1.0,0.0,1.0,-1.0,0.0,-93.86471180693157,-18.772942361386324,-46.932355903465805,-10.35879664217779,-23.466177951732902,406.1352881930684,,1.0,1.0,0.0,0.0,0.0,-1.0,-1.0,-1.0,-9.653630962580266,-46.93235590346578,,,2,0.0,,0.8,30,2,2.0,5,118,2,1.0
